Фамилия, Имя, Отчество, Номер телефона, E-mail, Описание;
Духтанов, Илья, Владимирович, +79050225155, il@ya.ru, Коллега с работы;
Чапаев, Василий, Иванович, 1924-69-98, нет, Кавалерист;
Иванов, Иван, Иванович, 81112223344, iv@nov.ru, Сосед;
Петров, Петр, Петрович, +71236549892, p.petov@work.net, коллега с предыдущей работы;
